{
  "feature_order": [
    "king_dist",
    "kings_collinear",
    "king_gap_parity",
    "opposite_bishops",
    "pawns_stm",
    "pawns_opp",
    "knights_stm",
    "knights_opp",
    "bishops_stm",
    "bishops_opp",
    "rooks_stm",
    "rooks_opp",
    "queens_stm",
    "queens_opp",
    "king_edge_dist_stm",
    "king_edge_dist_opp",
    "bishop_color_stm",
    "bishop_color_opp",
    "king_dist_own_pawn_stm",
    "king_dist_own_pawn_opp",
    "doubled_stm",
    "doubled_opp",
    "isolated_stm",
    "isolated_opp",
    "passed_count_stm",
    "passed_count_opp",
    "connected_passers_stm",
    "connected_passers_opp",
    "rook_on_semiopen_file_stm",
    "rook_on_semiopen_file_opp",
    "rook_dist_enemy_passer_stm",
    "rook_dist_enemy_passer_opp",
    "pawn_steps_stm",
    "pawn_steps_opp",
    "own_king_dist_promo_stm",
    "own_king_dist_promo_opp",
    "enemy_king_dist_promo_stm",
    "enemy_king_dist_promo_opp",
    "enemy_king_outside_square_stm",
    "enemy_king_outside_square_opp"
  ],
  "mean": [
    3.1468992233276367,
    0.24139927327632904,
    0.14716693758964539,
    0.01794515550136566,
    0.8106111288070679,
    0.823188841342926,
    0.07584396749734879,
    0.07738354802131653,
    0.12010534852743149,
    0.12201261520385742,
    0.2637254595756531,
    0.26980826258659363,
    0.17735767364501953,
    0.18620194494724274,
    1.2399219274520874,
    1.2261422872543335,
    -0.8267123699188232,
    -0.8237542510032654,
    1.1087017059326172,
    1.1247363090515137,
    0.014151734299957752,
    0.01561911590397358,
    0.5479887127876282,
    0.5566208362579346,
    0.6292067766189575,
    0.641191303730011,
    0.09565306454896927,
    0.0976325273513794,
    0.23114536702632904,
    0.23670941591262817,
    0.3845917284488678,
    0.3772692382335663,
    1.3550240993499756,
    1.3542121648788452,
    1.6168012619018555,
    1.6317750215530396,
    1.4835716485977173,
    1.5059300661087036,
    0.25349822640419006,
    0.19562828540802002
  ],
  "std": [
    1.2195088863372803,
    0.427896648645401,
    0.35560142993927,
    0.1323104202747345,
    0.8831912875175476,
    0.8870269060134888,
    0.2689073383808136,
    0.2744826376438141,
    0.3327983617782593,
    0.3352527320384979,
    0.4496508836746216,
    0.4549730122089386,
    0.42572021484375,
    0.4311896860599518,
    0.9352758526802063,
    0.9413628578186035,
    0.5095340013504028,
    0.5127983093261719,
    1.4351885318756104,
    1.4333463907241821,
    0.11800689250230789,
    0.12387550622224808,
    0.6871768832206726,
    0.6920633316040039,
    0.8434563875198364,
    0.8497402667999268,
    0.2930275499820709,
    0.29522836208343506,
    0.42148321866989136,
    0.4255780875682831,
    1.2524806261062622,
    1.2364801168441772,
    1.8193535804748535,
    1.8028647899627686,
    2.171149253845215,
    2.1739962100982666,
    2.118661642074585,
    2.113180160522461,
    0.4339289665222168,
    0.39685624837875366
  ],
  "thresh_bias": [
    2.5749592781066895,
    -2.4386754035949707
  ]
}